URL,Email
https://hafizhost.com/,support@hafizhost.com
https://www.bata.com.pk/,customercare.pk@bata.com
https://servis.pk/,emailcustomercare@servis.comCall
https://sanasafinaz.com/,bridals@sanasafinaz.com
https://sanasafinaz.com/,sales@sanasafinaz.com
https://sanasafinaz.com/,bridals@sanasafinaz.com
https://sanasafinaz.com/,sales@sanasafinaz.com
https://www.bata.com.pk/,customercare.pk@bata.com
https://sanasafinaz.com/,sales@sanasafinaz.com
https://sanasafinaz.com/,bridals@sanasafinaz.com
